[
    {
        "contacts": [
            {
                "body1": 4,
                "body2": 21,
                "geom1": 5,
                "geom2": 20,
                "local_pos1": [
                    -0.08877256044254017,
                    -0.06499463635824664,
                    -0.05805458578072561
                ],
                "local_pos2": [
                    -0.0810423397252018,
                    0.18566574372627143,
                    0.2999999999999998
                ]
            },
            {
                "body1": 4,
                "body2": 21,
                "geom1": 5,
                "geom2": 20,
                "local_pos1": [
                    -0.08833072302468692,
                    0.06921710240139245,
                    -0.05857398988392399
                ],
                "local_pos2": [
                    0.15594672574533297,
                    0.13713688205130092,
                    0.2999999999999998
                ]
            },
            {
                "body1": 7,
                "body2": 21,
                "geom1": 9,
                "geom2": 20,
                "local_pos1": [
                    -0.07386936066650113,
                    0.01431608640675599,
                    -0.026370427492967898
                ],
                "local_pos2": [
                    0.2406356297801423,
                    -0.3546633205183136,
                    0.2999999999999998
                ]
            },
            {
                "body1": 12,
                "body2": 0,
                "geom1": 12,
                "geom2": 0,
                "local_pos1": [
                    0.05926145649731817,
                    -0.0072834776383078415,
                    -0.022476986942815233
                ],
                "local_pos2": [
                    -0.019343248635854238,
                    -0.1311980878907235,
                    0.0
                ]
            },
            {
                "body1": 17,
                "body2": 21,
                "geom1": 16,
                "geom2": 20,
                "local_pos1": [
                    0.0390346373641039,
                    -0.00501065259306588,
                    -0.0071547499220646505
                ],
                "local_pos2": [
                    -0.22234577654288745,
                    -0.1493229369591099,
                    0.2999999999999998
                ]
            }
        ],
        "facing_target": [],
        "name": "bench_turn1",
        "success_sustain_time": 0.35000000000000003,
        "target_distance_tolerance": 0.2,
        "time_limit": 8.0,
        "weight": {
            "COM Feet XY": 0.0,
            "CoM Vel.": 0.0,
            "Contact": 80.0,
            "Control": 0.14,
            "Facing Dir": 0.0,
            "Head Height": 0.0,
            "Joint Vel.": 0.01,
            "Knee Feet XY": 0.0,
            "LFoot Up": 5.0,
            "Pelvis Up": 43.0,
            "RFoot Up": 5.0,
            "Torso Height": 0.0,
            "Torso Up": 44.0
        }
    },
    {
        "contacts": [
            {
                "body1": 4,
                "body2": 21,
                "geom1": 5,
                "geom2": 20,
                "local_pos1": [
                    -0.10791761397703721,
                    0.020049000704914808,
                    0.019248198684076616
                ],
                "local_pos2": [
                    -0.015976131032660823,
                    0.18472821144169815,
                    0.2999999999999998
                ]
            },
            {
                "body1": 17,
                "body2": 21,
                "geom1": 16,
                "geom2": 20,
                "local_pos1": [
                    0.026991208907812144,
                    0.0009155922502382058,
                    -0.02950654728242904
                ],
                "local_pos2": [
                    -0.19463568712772983,
                    0.23968290711781615,
                    0.2999999999999998
                ]
            },
            {
                "body1": 7,
                "body2": 21,
                "geom1": 8,
                "geom2": 20,
                "local_pos1": [
                    0.05254595714036825,
                    -0.0039044162515324506,
                    -0.020400595227484632
                ],
                "local_pos2": [
                    -0.05279386157304666,
                    -0.3989411952269357,
                    0.2999999999999998
                ]
            },
            {
                "body1": 12,
                "body2": 21,
                "geom1": 12,
                "geom2": 20,
                "local_pos1": [
                    -0.07500181523853829,
                    -0.031239401837805575,
                    -0.01590187579818933
                ],
                "local_pos2": [
                    0.2479331215813,
                    -0.40308262447062093,
                    0.2999999999999998
                ]
            },
            {
                "body1": 20,
                "body2": 21,
                "geom1": 19,
                "geom2": 20,
                "local_pos1": [
                    0.02300446618888568,
                    -0.0231594941915172,
                    0.023117793237121893
                ],
                "local_pos2": [
                    0.22605250779942343,
                    0.2705342202394923,
                    0.2999999999999998
                ]
            }
        ],
        "facing_target": [],
        "name": "bench_turn2",
        "success_sustain_time": 0.1499999999999998,
        "target_distance_tolerance": 0.2,
        "time_limit": 8.0000000001,
        "weight": {
            "COM Feet XY": 0.0,
            "CoM Vel.": 0.0,
            "Contact": 80.0,
            "Control": 0.2,
            "Facing Dir": 0.0,
            "Head Height": 0.0,
            "Joint Vel.": 0.01,
            "Knee Feet XY": 0.0,
            "LFoot Up": 5.0,
            "Pelvis Up": 20.0,
            "RFoot Up": 5.0,
            "Torso Height": 0.0,
            "Torso Up": 44.0
        }
    },
    {
        "contacts": [
            {
                "body1": 4,
                "body2": 21,
                "geom1": 5,
                "geom2": 20,
                "local_pos1": [
                    -0.08505375416076873,
                    0.017745595347700368,
                    0.06219332013639195
                ],
                "local_pos2": [
                    -0.02006660210759087,
                    0.37675402066400265,
                    0.2999999999999998
                ]
            },
            {
                "body1": 1,
                "body2": 21,
                "geom1": 1,
                "geom2": 20,
                "local_pos1": [
                    -0.06970561639868951,
                    0.023516916655307238,
                    0.006413036915350601
                ],
                "local_pos2": [
                    -0.008700087636983933,
                    0.7773444794307389,
                    0.2999999999999998
                ]
            },
            {
                "body1": 7,
                "body2": 21,
                "geom1": 9,
                "geom2": 20,
                "local_pos1": [
                    -0.09676747966488825,
                    0.007740031729418488,
                    0.0027192969303500175
                ],
                "local_pos2": [
                    -0.12237407598707872,
                    -0.4781135912075054,
                    0.30000000000000004
                ]
            },
            {
                "body1": 12,
                "body2": 21,
                "geom1": 13,
                "geom2": 20,
                "local_pos1": [
                    -0.0952403065294925,
                    0.0009633680645035774,
                    0.003204092627242093
                ],
                "local_pos2": [
                    0.06009547927690512,
                    -0.4871230723872224,
                    0.2999999999999998
                ]
            },
            {
                "body1": 20,
                "body2": 21,
                "geom1": 19,
                "geom2": 20,
                "local_pos1": [
                    0.02300446618888568,
                    -0.0231594941915172,
                    0.023117793237121893
                ],
                "local_pos2": [
                    0.18097965693862983,
                    0.33288768001569555,
                    0.2999999999999998
                ]
            }
        ],
        "facing_target": [],
        "name": "bench_turn3",
        "success_sustain_time": 2.0,
        "target_distance_tolerance": 0.2,
        "time_limit": 8.00000000000001,
        "weight": {
            "COM Feet XY": 0.0,
            "CoM Vel.": 0.0,
            "Contact": 80.0,
            "Control": 0.2,
            "Facing Dir": 0.0,
            "Head Height": 0.0,
            "Joint Vel.": 0.2,
            "Knee Feet XY": 0.0,
            "LFoot Up": 0.0,
            "Pelvis Up": 0.0,
            "RFoot Up": 0.0,
            "Torso Height": 0.0,
            "Torso Up": 0.0
        }
    },
    {
        "contacts": [
            {
                "body1": 4,
                "body2": 21,
                "geom1": 5,
                "geom2": 20,
                "local_pos1": [
                    -0.08877256044254017,
                    -0.06499463635824664,
                    -0.05805458578072561
                ],
                "local_pos2": [
                    -0.0810423397252018,
                    0.18566574372627143,
                    0.2999999999999998
                ]
            },
            {
                "body1": 4,
                "body2": 21,
                "geom1": 5,
                "geom2": 20,
                "local_pos1": [
                    -0.08833072302468692,
                    0.06921710240139245,
                    -0.05857398988392399
                ],
                "local_pos2": [
                    0.15594672574533297,
                    0.13713688205130092,
                    0.2999999999999998
                ]
            },
            {
                "body1": 7,
                "body2": 21,
                "geom1": 9,
                "geom2": 20,
                "local_pos1": [
                    -0.07386936066650113,
                    0.01431608640675599,
                    -0.026370427492967898
                ],
                "local_pos2": [
                    0.2406356297801423,
                    -0.3546633205183136,
                    0.2999999999999998
                ]
            },
            {
                "body1": 12,
                "body2": 0,
                "geom1": 12,
                "geom2": 0,
                "local_pos1": [
                    0.05926145649731817,
                    -0.0072834776383078415,
                    -0.022476986942815233
                ],
                "local_pos2": [
                    -0.019343248635854238,
                    -0.1311980878907235,
                    0.0
                ]
            },
            {
                "body1": 17,
                "body2": 21,
                "geom1": 16,
                "geom2": 20,
                "local_pos1": [
                    0.0390346373641039,
                    -0.00501065259306588,
                    -0.0071547499220646505
                ],
                "local_pos2": [
                    -0.22234577654288745,
                    0.14493229369591099,
                    0.2999999999999998
                ]
            }
        ],
        "facing_target": [],
        "name": "bench_turn1",
        "success_sustain_time": 0.5,
        "target_distance_tolerance": 0.2,
        "time_limit": 10.0,
        "weight": {
            "COM Feet XY": 0.0,
            "CoM Vel.": 0.0,
            "Contact": 80.0,
            "Control": 0.025,
            "Facing Dir": 0.0,
            "Head Height": 0.0,
            "Joint Vel.": 0.01,
            "Knee Feet XY": 0.0,
            "LFoot Up": 5.0,
            "Pelvis Up": 20.0,
            "RFoot Up": 5.0,
            "Torso Height": 0.0,
            "Torso Up": 44.0
        }
    },
    {
        "contacts": [
            {
                "body1": 4,
                "body2": 21,
                "geom1": 5,
                "geom2": 20,
                "local_pos1": [
                    -0.09757891714865231,
                    0.005253409256739172,
                    -0.04562358615938966
                ],
                "local_pos2": [
                    -0.08133443799725554,
                    0.004423856897148193,
                    0.30000000000000004
                ]
            },
            {
                "body1": 17,
                "body2": 21,
                "geom1": 16,
                "geom2": 20,
                "local_pos1": [
                    0.03480944515858375,
                    0.019494586957991278,
                    -0.0028746490372002498
                ],
                "local_pos2": [
                    0.06854300222125487,
                    -0.25979611890309373,
                    0.2999999999999998
                ]
            },
            {
                "body1": 20,
                "body2": 21,
                "geom1": 19,
                "geom2": 20,
                "local_pos1": [
                    0.031114980128544967,
                    0.02253972690352163,
                    -0.011127386158265251
                ],
                "local_pos2": [
                    0.12056425904251716,
                    0.26577136382178945,
                    0.2999999999999998
                ]
            },
            {
                "body1": -1,
                "body2": -1,
                "geom1": -1,
                "geom2": -1,
                "local_pos1": [
                    0.0,
                    0.0,
                    0.0
                ],
                "local_pos2": [
                    0.0,
                    0.0,
                    0.0
                ]
            },
            {
                "body1": -1,
                "body2": -1,
                "geom1": -1,
                "geom2": -1,
                "local_pos1": [
                    0.0,
                    0.0,
                    0.0
                ],
                "local_pos2": [
                    0.0,
                    0.0,
                    0.0
                ]
            }
        ],
        "facing_target": [],
        "name": "bench_turn1",
        "success_sustain_time": 2.0,
        "target_distance_tolerance": 0.2,
        "time_limit": 10.0,
        "weight": {
            "COM Feet XY": 0.0,
            "CoM Vel.": 10.0,
            "Contact": 100.0,
            "Control": 0.8,
            "Facing Dir": 0.0,
            "Head Height": 0.0,
            "Joint Vel.": 0.01,
            "Knee Feet XY": 30.0,
            "LFoot Up": 5.0,
            "Pelvis Up": 50.0,
            "RFoot Up": 5.0,
            "Torso Height": 20.0,
            "Torso Up": 50.0
        }
    }
]