<mujoco model="aloha">
  <include file="../../common.xml"/>

  <size memory="1M"/>

  <asset>
    <texture name="groundplane" type="2d" builtin="flat" rgb1="0.20000000000000001 0.29999999999999999 0.40000000000000002" rgb2="0.10000000000000001 0.20000000000000001 0.29999999999999999" mark="edge" markrgb="0.50000000000000004 0.50000000000000004 0.50000000000000004" width="200" height="200"/>
    <material name="groundplane" texture="groundplane" texrepeat="2 2" texuniform="true" reflectance="0.20000000000000001"/>
  </asset>

  <custom>
    <numeric name="agent_planner" data="0" />
    <numeric name="agent_horizon" data="0.4" />
    <numeric name="agent_timestep" data="0.005" />
    <numeric name="agent_sample_width" data="0.0025" />
    <numeric name="agent_policy_width" data="0.0035" />
    <numeric name="sampling_exploration" data="0.05 0.3" />
    <numeric name="sampling_trajectories" data="124"/>
    <numeric name="sampling_spline_points" data="4" />
    <numeric name="sampling_representation" data="1" />
    <numeric name="sampling_sliding_plan" data="1" />
  </custom>

  <statistic extent="0.7" center="0.2 0 0.25" meansize="0.03"/>

  <option timestep="0.005"/>

  <visual>
    <quality shadowsize="8192"/>
    <global azimuth="90" elevation="-20" realtime="0.2"/>
  </visual>

  <sensor>
    <user name="Reach L" dim="3" user="2 .3 0 1 .01"/> <!-- L2 -->
    <user name="Reach R" dim="3" user="2 .3 0 1 .01"/> <!-- L2 -->
    <user name="Grasp L" dim="1" user="-1 .4 0 1"/> <!-- null -->
    <user name="Grasp R" dim="1" user="-1 .4 0 1"/> <!-- null -->
    <user name="Lift" dim="6" user="6 0.7 0 1 0.05"/> <!-- smooth abs -->
    <user name="Insert" dim="18"  user="2 0.4 0 1 0.01"/>  <!-- L2 -->

    <framepos name="left/gripper" objtype="geom" objname="connector_f_grip" reftype="site" refname="left/gripper"/>
    <framepos name="right/gripper" objtype="geom" objname="connector_m_grip" reftype="site" refname="right/gripper"/>

    <framexaxis name="left/x" objtype="site" objname="left/gripper"/>
    <framexaxis name="f/x" objtype="site" objname="connector_f_grip"/>
    <framexaxis name="right/x" objtype="site" objname="right/gripper"/>
    <framexaxis name="m/x" objtype="site" objname="connector_m_grip"/>
    <framepos name="trace0" objtype="site" objname="left/gripper"/>
    <framepos name="trace1" objtype="site" objname="right/gripper"/>
  </sensor>

  <include file="../aloha_cartesian.xml"/>
  <include file="../../common_assets/connector_f.xml"/>
  <include file="../../common_assets/connector_m.xml"/>

  <default>
    <geom friction="0.5"/>
  </default>

  <worldbody>
    <light pos="0 -0.1 0.5" dir="0 0.2 -1" diffuse="0.7 0.7 0.7" specular="0.3 0.3 0.3"
        directional="true" castshadow="true"/>
    <geom name="floor" pos="0 0 -0.75" size="0 0 0.05" type="plane" material="groundplane"/>
    <body name="table" pos="0 0 -0.75">
      <geom name="table" pos="0 0 0.6509" size="0.61 0.37 0.1" type="box" class="collision"/>
      <geom name="table_visual" pos="0 0 0.6509" size="0.61 0.37 0.1" type="box" rgba="0.4 0.4 0.4 1" conaffinity="0" contype="0"/>
    </body>
    <body mocap="true" name="target">
      <geom name="target" size="0.02" rgba="1 0.4 0.4 .5" group="3" contype="0" conaffinity="0"/>
    </body>
  </worldbody>

  <keyframe>
    <key name="home" qpos=
    "0 -0.96 1.16 0 -0.3 0 0.01 0.01
     0 -0.96 1.16 0 -0.3 0 0.01 0.01
    -.15 0 0.05 0 1 0 0
    .15 0 0.05 1 0 0 0
    "
    act= "-0.1 0 0 0 0 0 0.03 0.1 0 0 0 0 0 0.03"
    ctrl="-0.1 0 0 0 0 0 0.03 0.1 0 0 0 0 0 0.03"
    mpos="0 0 0.35"
    />

  </keyframe>

  <default>
    <default class="grasp">
      <!-- The connectors are made of lots of boxes, so adding margin directly to the spheres
      results in significant slowdown. In stead we use exlpicit pairs. -->
      <geom type="sphere" size="0.0006" rgba="1 0 0 1" condim="6" friction="1 5e-3 5e-4" solref=".01 1" group="3"/>
      <pair condim="6" friction="1 5e-3 5e-4" solref=".01 1" margin=".03" gap=".03"/>
    </default>
  </default>

  <contact>
    <pair class="grasp" geom1="connector_f_grip" geom2="left/left_g2"/>
    <pair class="grasp" geom1="connector_f_grip" geom2="left/right_g2"/>
    <pair class="grasp" geom1="connector_m_grip" geom2="right/left_g2"/>
    <pair class="grasp" geom1="connector_m_grip" geom2="right/right_g2"/>
  </contact>
</mujoco>
