<mujoco model="bench">
  <worldbody>
    <body name="bench" pos="-0.35 0 0" quat="1 0 0 0">
      <geom name="seat" type="box" pos="0 0 0.25" size=".25 .9 .05" mass="1." material="seat"/>
      <geom name="back" type="box" pos="-0.3 0 0.35" size=".05 1. .35" mass="1." quat="1 0 0 0" material="wood"/>
      <body name="left_arm" pos="0 0.95 0.2" quat="1 0 0 0">
        <geom name="left_arm" type="box" pos="0 0 0" size=".25 0.05 .2" mass="1." quat="1 0 0 0" material="wood"/>
      </body>
      <body name="right_arm" pos="0 -0.95 0.2" quat="1 0 0 0">
        <geom name="right_arm" type="box" pos="0 0 0" size=".25 0.05 .2" mass="1." quat="1 0 0 0" material="wood"/>
      </body>
    </body>
  </worldbody>

  <asset>
    <material name="seat" rgba="0.25 0.15 0.04 1"/>
    <material name="wood" rgba="0.25 0.15 0.04 1"/>
  </asset>

  <keyframe>
    <!--
    The values below are split into rows for readibility:
      torso position :    3
      torso orientation : 4
      spinal :            3
      right leg :         6
      left leg :          6
      arms :              6
      chair :             7
    -->
    <key name="home"
      qpos="-0.38
      0.015
      0.82
      1.00
      -0.032
      -0.004
      -0.051
      -0.035
      -0.22
      0.064
      0.034
      0.051
      -1.5
      -1.6
      0.2
      0.013
      0.024
      -0.081
      -1.5
      -2.1
      -0.37
      0.063
      0.66
      -0.65
      -1.1
      0.58
      -0.73
      -0.95" />
  </keyframe>
</mujoco>
