<mujoco>
  <asset>
    <texture name="cube" type="cube"
             fileup="../common_assets/reorientation_cube_textures/fileup.png"
             fileback="../common_assets/reorientation_cube_textures/fileback.png"
             filedown="../common_assets/reorientation_cube_textures/filedown.png"
             filefront="../common_assets/reorientation_cube_textures/filefront.png"
             fileleft="../common_assets/reorientation_cube_textures/fileleft.png"
             fileright="../common_assets/reorientation_cube_textures/fileright.png"/>
    <material name="cube" texture="cube"/>
    <texture name="graycube" type="cube"
            fileup="../common_assets/reorientation_cube_textures/grayup.png"
             fileback="../common_assets/reorientation_cube_textures/grayback.png"
             filedown="../common_assets/reorientation_cube_textures/graydown.png"
             filefront="../common_assets/reorientation_cube_textures/grayfront.png"
             fileleft="../common_assets/reorientation_cube_textures/grayleft.png"
             fileright="../common_assets/reorientation_cube_textures/grayright.png"/>
    <material name="graycube" texture="graycube"/>
  </asset>
  <worldbody>
    <light pos="0 0 1"/>
    <body name="cube" pos="0.2 0.0 0.075" quat="1 0 0 0">
      <freejoint/>
      <geom name="cube" type="box" size=".03 .03 .03" mass=".122" material="cube"/>
    </body>
  </worldbody>

   <sensor>
        <framepos name="cube_position" objtype="body" objname="cube"/>
        <framequat name="cube_orientation" objtype="body" objname="cube"/>
        <framelinvel name="cube_linear_velocity" objtype="body" objname="cube"/>
        <frameangvel name="cube_angular_velocity" objtype="body" objname="cube"/>
    </sensor>
</mujoco>
